Workbook
Name Sales_Data: 'Clean Data Use of formulas'!$A$1:$L$50

Sheet Classification
B3: 0 | C3: Pickup
B4: 20 | C4: Road
B5: 40 | C5: Courier
B6: 70 | C6: Air
B7: 90 | C7: Sea
B8: 150 | C8: Truck

Sheet Data
A1: First Name | B1: Second Name | C1: Country | D1: Product | E1: Date | F1: Amount | G1: Boxes Shipped
A2: Jehu | B2: Rudeforth | C2: UK | D2: Mint Chip Choco | E2: 44565 | F2: 5320 | G2: 180
A3: VAN | B3: Tuxwell | C3: India | D3: 85% Dark Bars | E3: 44774 | F3: 7896 | G3: 94
A4: Gigi | B4: Bohling | C4: India | D4: Peanut Butter Cubes | E4: 44749 | F4: 4501 | G4: 91
A5: Jan | B5: MORFORTH | C5: Australia | D5: Peanut Butter Cubes | E5: 44678 | F5: 12726 | G5: 342
A6: Jehu | B6: Rudeforth | C6: UK | D6: Peanut Butter Cubes | E6: 44616 | F6: 13685 | G6: 184
A7: Van | B7: Tuxwell | C7: India | D7: Smooth Sliky Salty | E7: 44718 | F7: 5376 | G7: 38
A8: Oby | B8: sorrel | C8: UK | D8: 99% Dark & Pure | E8: 44586 | F8: 13685 | G8: 176
A9: Gunar | B9: Cockshoot | C9: Australia | D9: After Nines | E9: 44644 | F9: 3080 | G9: 73
A10: JEHU | B10: Rudeforth | C10: New Zealand | D10: 50% Dark Bites | E10: 44671 | F10: 3990 | G10: 59
A11: Brien | B11: Boise | C11: Australia | D11: 99% Dark & Pure | E11: 44746 | F11: 2835 | G11: 102
A12: Rafaelita | B12: Blaksland | C12: UK | D12: Smooth Sliky Salty | E12: 44574 | F12: 4704 | G12: 62
A13: Barr | B13: Faughny | C13: USA | D13: Orange Choco | E13: 44630 | F13: 3703 | G13: 11
... A50: Roddy | B50: Speechley | C50: India | D50: Eclairs | E50: 44722 | F50: 4382 | G50: 303

Sheet Clean Data Use of formulas
A1: First Name | B1: Second Name | C1: Sales Person | D1: Country | E1: Product | F1: LEFT | G1: Date | H1: Amount | I1: Classification | J1: Boxes Shipped | K1: V-Lookup Function | L1: Grand Total
A2: Jehu | B2: Rudeforth | C2: =CONCATENATE(A2," ",B2) -> Jehu Rudeforth | D2: UK | E2: Mint Chip Choco | F2: =LEFT(E2,4) -> Mint | G2: 44565 | H2: 5320 | I2: =IF(H2>8000,"High Sale Value","Low Sale Value") -> Low Sale Value | J2: 180 | K2: =VLOOKUP(J2,Classification!$B$3:$C$8,2,TRUE) -> Truck | L2: =H2*J2 -> 957600 | N2: Grand Amount | O2: =SUM(H2:H50) -> 267428
A3: VAN | B3: Tuxwell | C3: =CONCATENATE(A3," ",B3) -> VAN Tuxwell | D3: India | E3: 85% Dark Bars | F3: =LEFT(E3,4) -> 85% | G3: 44774 | H3: 7896 | I3: =IF(H3>8000,"High Sale Value","Low Sale Value") -> Low Sale Value | J3: 94 | K3: =VLOOKUP(J3,Classification!$B$3:$C$8,2,TRUE) -> Sea | L3: =H3*J3 -> 742224
A4: Gigi | B4: Bohling | C4: =CONCATENATE(A4," ",B4) -> Gigi Bohling | D4: India | E4: Peanut Butter Cubes | F4: =LEFT(E4,4) -> Pean | G4: 44749 | H4: 4501 | I4: =IF(H4>8000,"High Sale Value","Low Sale Value") -> Low Sale Value | J4: 91 | K4: =VLOOKUP(J4,Classification!$B$3:$C$8,2,TRUE) -> Sea | L4: =H4*J4 -> 409591 | N4: Average Boxes Shipped | O4: =AVERAGE(J2:J50) -> 164.93878
A5: Jan | B5: MORFORTH | C5: =CONCATENATE(A5," ",B5) -> Jan MORFORTH | D5: Australia | E5: Peanut Butter Cubes | F5: =LEFT(E5,4) -> Pean | G5: 44678 | H5: 12726 | I5: =IF(H5>8000,"High Sale Value","Low Sale Value") -> High Sale Value | J5: 342 | K5: =VLOOKUP(J5,Classification!$B$3:$C$8,2,TRUE) -> Truck | L5: =H5*J5 -> 4352292
A6: Jehu | B6: Rudeforth | C6: =CONCATENATE(A6," ",B6) -> Jehu Rudeforth | D6: UK | E6: Peanut Butter Cubes | F6: =LEFT(E6,4) -> Pean | G6: 44616 | H6: 13685 | I6: =IF(H6>8000,"High Sale Value","Low Sale Value") -> High Sale Value | J6: 184 | K6: =VLOOKUP(J6,Classification!$B$3:$C$8,2,TRUE) -> Truck | L6: =H6*J6 -> 2518040 | N6: No. of Transactions | O6: =COUNT(G2:G50) -> 49
A7: Van | B7: Tuxwell | C7: =CONCATENATE(A7," ",B7) -> Van Tuxwell | D7: India | E7: Smooth Sliky Salty | F7: =LEFT(E7,4) -> Smoo | G7: 44718 | H7: 5376 | I7: =IF(H7>8000,"High Sale Value","Low Sale Value") -> Low Sale Value | J7: 38 | K7: =VLOOKUP(J7,Classification!$B$3:$C$8,2,TRUE) -> Road | L7: =H7*J7 -> 204288
A8: Oby | B8: sorrel | C8: =CONCATENATE(A8," ",B8) -> Oby sorrel | D8: UK | E8: 99% Dark & Pure | F8: =LEFT(E8,4) -> 99% | G8: 44586 | H8: 13685 | I8: =IF(H8>8000,"High Sale Value","Low Sale Value") -> High Sale Value | J8: 176 | K8: =VLOOKUP(J8,Classification!$B$3:$C$8,2,TRUE) -> Truck | L8: =H8*J8 -> 2408560 | N8: Maximum Amount | O8: =MAX(L2:L50) -> 5221146
A9: Gunar | B9: Cockshoot | C9: =CONCATENATE(A9," ",B9) -> Gunar Cockshoot | D9: Australia | E9: After Nines | F9: =LEFT(E9,4) -> Afte | G9: 44644 | H9: 3080 | I9: =IF(H9>8000,"High Sale Value","Low Sale Value") -> Low Sale Value | J9: 73 | K9: =VLOOKUP(J9,Classification!$B$3:$C$8,2,TRUE) -> Air | L9: =H9*J9 -> 224840
A10: JEHU | B10: Rudeforth | C10: =CONCATENATE(A10," ",B10) -> JEHU Rudeforth | D10: New Zealand | E10: 50% Dark Bites | F10: =LEFT(E10,4) -> 50% | G10: 44671 | H10: 3990 | I10: =IF(H10>8000,"High Sale Value","Low Sale Value") -> Low Sale Value | J10: 59 | K10: =VLOOKUP(J10,Classification!$B$3:$C$8,2,TRUE) -> Courier | L10: =H10*J10 -> 235410
A11: Brien | B11: Boise | C11: =CONCATENATE(A11," ",B11) -> Brien Boise | D11: Australia | E11: 99% Dark & Pure | F11: =LEFT(E11,4) -> 99% | G11: 44746 | H11: 2835 | I11: =IF(H11>8000,"High Sale Value","Low Sale Value") -> Low Sale Value | J11: 102 | K11: =VLOOKUP(J11,Classification!$B$3:$C$8,2,TRUE) -> Sea | L11: =H11*J11 -> 289170 | N11: Minimum Amount | O11: =MIN(L2:L50) -> 10584
A12: Rafaelita | B12: Blaksland | C12: =CONCATENATE(A12," ",B12) -> Rafaelita Blaksland | D12: UK | E12: Smooth Sliky Salty | F12: =LEFT(E12,4) -> Smoo | G12: 44574 | H12: 4704 | I12: =IF(H12>8000,"High Sale Value","Low Sale Value") -> Low Sale Value | J12: 62 | K12: =VLOOKUP(J12,Classification!$B$3:$C$8,2,TRUE) -> Courier | L12: =H12*J12 -> 291648
A13: Barr | B13: Faughny | C13: =CONCATENATE(A13," ",B13) -> Barr Faughny | D13: USA | E13: Orange Choco | F13: =LEFT(E13,4) -> Oran | G13: 44630 | H13: 3703 | I13: =IF(H13>8000,"High Sale Value","Low Sale Value") -> Low Sale Value | J13: 11 | K13: =VLOOKUP(J13,Classification!$B$3:$C$8,2,TRUE) -> Pickup | L13: =H13*J13 -> 40733
A14: Mallorie | B14: Waber | C14: =CONCATENATE(A14," ",B14) -> Mallorie Waber | D14: Canada | E14: Eclairs | F14: =LEFT(E14,4) -> Ecla | G14: 44574 | H14: 1442 | I14: =IF(H14>8000,"High Sale Value","Low Sale Value") -> Low Sale Value | J14: 286 | K14: =VLOOKUP(J14,Classification!$B$3:$C$8,2,TRUE) -> Truck | L14: =H14*J14 -> 412412
A15: Karlen | B15: McCaffrey | C15: =CONCATENATE(A15," ",B15) -> Karlen McCaffrey | D15: New Zealand | E15: Drinking Coco | F15: =LEFT(E15,4) -> Drin | G15: 44770 | H15: 168 | I15: =IF(H15>8000,"High Sale Value","Low Sale Value") -> Low Sale Value | J15: 156 | K15: =VLOOKUP(J15,Classification!$B$3:$C$8,2,TRUE) -> Truck | L15: =H15*J15 -> 26208
A16: Marney | B16: O'Breen | C16: =CONCATENATE(A16," ",B16) -> Marney O'Breen | D16: New Zealand | E16: Peanut Butter Cubes | F16: =LEFT(E16,4) -> Pean | G16: 44776 | H16: 8379 | I16: =IF(H16>8000,"High Sale Value","Low Sale Value") -> High Sale Value | J16: 173 | K16: =VLOOKUP(J16,Classification!$B$3:$C$8,2,TRUE) -> Truck | L16: =H16*J16 -> 1449567
A17: Beverie | B17: Moffet | C17: =CONCATENATE(A17," ",B17) -> Beverie Moffet | D17: Australia | E17: Organic Choco Syrup | F17: =LEFT(E17,4) -> Orga | G17: 44587 | H17: 6790 | I17: =IF(H17>8000,"High Sale Value","Low Sale Value") -> Low Sale Value | J17: 356 | K17: =VLOOKUP(J17,Classification!$B$3:$C$8,2,TRUE) -> Truck | L17: =H17*J17 -> 2417240
A18: Van | B18: Tuxwell | C18: =CONCATENATE(A18," ",B18) -> Van Tuxwell | D18: Canada | E18: Organic Choco Syrup | F18: =LEFT(E18,4) -> Orga | G18: 44606 | H18: 4067 | I18: =IF(H18>8000,"High Sale Value","Low Sale Value") -> Low Sale Value | J18: 42 | K18: =VLOOKUP(J18,Classification!$B$3:$C$8,2,TRUE) -> Courier | L18: =H18*J18 -> 170814
A19: Roddy | B19: Speechley | C19: =CONCATENATE(A19," ",B19) -> Roddy Speechley | D19: USA | E19: Smooth Sliky Salty | F19: =LEFT(E19,4) -> Smoo | G19: 44656 | H19: 3017 | I19: =IF(H19>8000,"High Sale Value","Low Sale Value") -> Low Sale Value | J19: 140 | K19: =VLOOKUP(J19,Classification!$B$3:$C$8,2,TRUE) -> Sea | L19: =H19*J19 -> 422380
A20: Beverie | B20: Moffet | C20: =CONCATENATE(A20," ",B20) -> Beverie Moffet | D20: Canada | E20: Milk Bars | F20: =LEFT(E20,4) -> Milk | G20: 44608 | H20: 8799 | I20: =IF(H20>8000,"High Sale Value","Low Sale Value") -> High Sale Value | J20: 250 | K20: =VLOOKUP(J20,Classification!$B$3:$C$8,2,TRUE) -> Truck | L20: =H20*J20 -> 2199750
A21: CURTICE | B21: Advani | C21: =CONCATENATE(A21," ",B21) -> CURTICE Advani | D21: UK | E21: 85% Dark Bars | F21: =LEFT(E21,4) -> 85% | G21: 44720 | H21: 1085 | I21: =IF(H21>8000,"High Sale Value","Low Sale Value") -> Low Sale Value | J21: 172 | K21: =VLOOKUP(J21,Classification!$B$3:$C$8,2,TRUE) -> Truck | L21: =H21*J21 -> 186620
A22: Brien | B22: Boise | C22: =CONCATENATE(A22," ",B22) -> Brien Boise | D22: Australia | E22: Eclairs | F22: =LEFT(E22,4) -> Ecla | G22: 44739 | H22: 6888 | I22: =IF(H22>8000,"High Sale Value","Low Sale Value") -> Low Sale Value | J22: 88 | K22: =VLOOKUP(J22,Classification!$B$3:$C$8,2,TRUE) -> Air | L22: =H22*J22 -> 606144
A23: Gunar | B23: Cockshoot | C23: =CONCATENATE(A23," ",B23) -> Gunar Cockshoot | D23: USA | E23: Spicy Special Slims | F23: =LEFT(E23,4) -> Spic | G23: 44609 | H23: 1267 | I23: =IF(H23>8000,"High Sale Value","Low Sale Value") -> Low Sale Value | J23: 157 | K23: =VLOOKUP(J23,Classification!$B$3:$C$8,2,TRUE) -> Truck | L23: =H23*J23 -> 198919
... A50: Roddy | B50: Speechley | C50: =CONCATENATE(A50," ",B50) -> Roddy Speechley | D50: India | E50: Eclairs | F50: =LEFT(E50,4) -> Ecla | G50: 44722 | H50: 4382 | I50: =IF(H50>8000,"High Sale Value","Low Sale Value") -> Low Sale Value | J50: 303 | K50: =VLOOKUP(J50,Classification!$B$3:$C$8,2,TRUE) -> Truck | L50: =H50*J50 -> 1327746
